movie_id,title,year,duration,country
m1,Once Upon a Time in the West,1968,165,Italy
m2,"10,000 B.C.",2008,109,United States
m3,It's Always Fair Weather,1955,102,United States
m4,Tarzan,1999,84,United States
m5,Only You,1994,99,United States
m6,One Day,2011,108,United States
m7,Torrente 3,2005,97,Spain
m8,The Lake House,2006,105,United States
m9,Brácula: Condemor II,1997,88,Spain
m10,Blood Diamond,2006,138,United States
m11,The Ugly Truth,2009,97,United States
m12,Warlock,1959,121,United States
m13,The Pianist,2002,148,United Kingdom
m14,The Great Train Robbery (S),1903,10,United States
m15,Lady in the Water,2006,110,United States
m16,Alice in Wonderland,1951,75,United States
m17,It Happened One Night,1934,105,United States
m18,Mystic River,2003,137,United States
m19,Before Sunrise,1995,101,United States
m20,The Hanging Tree,1959,106,United States
m21,The Cider House Rules,1999,125,United States
m22,Pride and Prejudice,2005,127,United Kingdom
m23,Two Lovers,2008,100,United States
m24,Four Weddings and a Funeral,1994,118,United Kingdom
m25,The Goonies,1985,111,United States
m26,The English Patient,1996,162,United Kingdom
m27,Spanish Movie,2009,89,Spain
m28,The Little Mermaid,1989,79,United States
m29,The Way We Were,1973,118,United States
m30,Rio Grande,1950,105,United States
m31,Equilibrium,2002,107,United States
m32,Reservoir Dogs,1992,99,United States
m33,The Ox-Bow Incident,1943,72,United States
m34,Star Trek,2009,126,United States
m35,2046,2004,120,Hong Kong
m36,Point Break,1991,125,United States
m37,Dark City,1998,100,United States
m38,Akira,1988,124,Japan
m39,Twilight,2008,122,United States
m40,Spice World. The Movie,1997,93,United Kingdom
m41,The Blues Brothers,1980,132,United States
m42,Amelie,2001,120,France
m43,Jurassic Park,1993,121,United States
m44,3:10 to Yuma (Three Ten to Yuma),1957,92,United States
m45,Love Actually,2003,128,United Kingdom
m46,The Great Dictator,1940,128,United States
m47,The Proposition,2005,104,Australia
m48,Collateral,2004,120,United States
m49,Batman & Robin,1997,125,United States
m50,The Front Page,1974,105,United States
m51,Waterworld,1995,135,United States
m52,Pulp Fiction,1994,153,United States
m53,The Shawshank Redemption,1994,142,United States
m54,Wild Wild West,1999,108,United States
m55,Batman Forever,1995,120,United States
m56,Revolutionary Road,2008,119,United States
m57,The Fugitive,1993,133,United States
m58,Arthur and the Invisibles,2006,103,France
m59,Casablanca,1942,102,United States
m60,French Kiss,1995,111,United States
m61,Green Card,1990,108,United States
m62,The Magnificent Seven,1960,126,United States
m63,Seven Samurai,1954,205,Japan
m64,Chocolat,2000,121,United Kingdom
m65,2001: A Space Odyssey,1968,139,United Kingdom
m66,Seven Pounds,2008,118,United States
m67,The Hobbit: An Unexpected Journey,2012,170,United States
m68,Sleepers,1996,140,United States
m69,A Walk to Remember,2002,100,United States
m70,The Happening,2008,90,United States
m71,A.I. Artificial Intelligence,2001,145,United States
m72,Ultraviolet,2006,88,United States
m73,Mulholland Drive,2001,147,United States
m74,Sunshine,2007,107,United Kingdom
m75,The Italian Job,2003,104,United States
m76,300,2006,117,United States
m77,The Mask of Zorro,1998,132,United States
m78,The World in His Arms,1952,104,United States
m79,Scarface,1983,163,United States
m80,Alexander,2004,173,United States
m81,Tuno negro,2001,110,Spain
m82,Vera Cruz,1954,94,United States
m83,Two Weeks' Notice,2002,100,United States
m84,Guys and Dolls,1955,150,United States
m85,Rocky,1976,119,United States
m86,The Time Machine,1960,103,United States
m87,Dead Man Walking,1995,120,United States
m88,Leaving Las Vegas,1995,112,United States
m89,A Sound of Thunder,2005,103,United Kingdom
m90,The Day the Earth Stood Still,1951,89,United States
m91,Iron Man,2008,126,United States
m92,Ronin,1998,116,United States
m93,Despicable Me,2010,92,United States
m94,Into the Woods,2014,121,United States
m95,Camelot,1967,178,United States
m96,Kingdom of Heaven,2005,144,United Kingdom
m97,Bambi,1942,70,United States
m98,The Alamo,1960,161,United States
m99,Cast Away,2000,143,United States
m100,What Women Want,2000,130,United States
m101,The Last Sunset,1961,112,United States
m102,Mary Poppins,1964,140,United States
m103,Sergeant Rutledge,1960,118,United States
m104,Untouchable,2011,109,France
m105,The Fifth Element,1997,127,France
m106,Catwoman,2004,101,United States
m107,Spider-Man (Spiderman),2002,121,United States
m108,The Pumaman,1980,90,Italy
m109,The Westerner,1940,100,United States
m110,Ice Age,2002,75,United States
m111,Shane,1953,118,United States
m112,The Proposal,2009,107,United States
m113,She Wore a Yellow Ribbon,1949,103,United States
m114,A Chorus Line,1985,120,United States
m115,Star Wars. Episode VI: Return of the Jedi,1983,133,United States
m116,The Lord of the Rings: The Return of the King,2003,201,United States
m117,La vie en rose,2007,140,France
m118,The General,1926,74,United States
m119,Slumdog Millionaire,2008,123,United Kingdom
m120,24 Hour Party People,2002,115,United Kingdom
m121,Dungeons & Dragons,2000,110,United States
m122,Lethal Weapon 2,1989,110,United States
m123,Colorado Territory,1949,94,United States
m124,Scary Movie,2000,88,United States
m125,The Butterfly Effect,2004,113,United States
m126,Rio Lobo,1970,114,United States
m127,Back to the Future. Part III,1990,118,United States
m128,The Big Lebowski,1998,117,United States
m129,Dances with Wolves,1990,180,United States
m130,Pirates of the Caribbean: On Stranger Tides,2011,141,United States
m131,Alien 3 (Alien³),1992,115,United States
m132,The Wedding Date,2005,90,United States
m133,Across the Universe,2007,133,United States
m134,Groundhog Day,1993,101,United States
m135,Brave,2012,90,United States
m136,Mission: Impossible 2 (M:I-2),2000,121,United States
m137,Papillon,1973,150,United States
m138,Man of the West,1958,100,United States
m139,Moulin Rouge,2001,125,Australia
m140,As Good As It Gets,1997,138,United States
m141,The Wild Bunch,1969,145,United States
m142,The Unforgiven,1960,125,United States
m143,The Matrix Revolutions,2003,130,United States
m144,Young Guns,1988,102,United States
m145,Brazil,1985,131,United Kingdom
m146,101 Dalmatians,1961,79,United States
m147,Two for the Road,1967,111,United Kingdom
m148,American History X,1998,119,United States
m149,The Dinner Game,1998,77,France
m150,Unforgiven,1992,126,United States
m151,Pale Rider,1985,113,United States
m152,The Naked Spur,1953,91,United States
m153,"Monsters, Inc.",2001,88,United States
m154,Watchmen,2009,163,United States
m155,Star Wars. Episode I: The Phantom Menace,1999,130,United States
m156,My Sassy Girl,2001,143,South Korea
m157,Heat,1995,172,United States
m158,Forbidden Planet,1956,98,United States
m159,The Smurfs,2011,86,United States
m160,Cell 211,2009,110,Spain
m161,No reservations,2007,105,United States
m162,A Fistful of Dollars,1964,95,Italy
m163,"The Good, the Bad and the Ugly",1966,161,Italy
m164,Stand by Me,1986,86,United States
m165,Antz,1998,83,United States
m166,My Big Fat Greek Wedding,2002,95,United States
m167,Junior,1994,109,United States
m168,Westward the Women,1951,118,United States
m169,Isi/Disi: amor a lo bestia,2004,110,Spain
m170,Metropolis,1927,153,Germany
m171,Duel in the Sun,1946,138,United States
m172,Closer,2004,104,United States
m173,Dirty Dancing,1987,97,United States
m174,Moby Dick,1956,116,United Kingdom
m175,The Incredibles,2004,115,United States
m176,Stagecoach,1939,99,United States
m177,Ghostbusters,1984,107,United States
m178,Bringing Up Baby,1938,102,United States
m179,Outland,1981,109,United Kingdom
m180,A Lot Like Love,2005,107,United States
m181,The Last of the Mohicans,1992,112,United States
m182,The Pursuit of Happyness,2006,116,United States
m183,Funny Girl,1968,155,United States
m184,There Was a Crooked Man,1970,123,United States
m185,The Abyss,1989,146,United States
m186,Silver Linings Playbook,2012,120,United States
m187,The Shootist,1976,99,United States
m188,Bridget Jones: The Edge of Reason,2004,108,United Kingdom
m189,The Vikings,1958,114,United States
m190,Indiana Jones and the Kingdom of the Crystal Skull (Indiana Jones 4),2008,125,United States
m191,Looper,2012,118,United States
m192,Music and Lyrics,2007,96,United States
m193,The Terminator,1984,108,United States
m194,All That Jazz,1979,123,United States
m195,The Da Vinci Code,2006,147,United States
m196,Cabaret,1972,123,United States
m197,Back to the Future,1985,116,United States
m198,Sense and Sensibility,1995,135,United States
m199,The Thing,1982,105,United States
m200,The Secret in Their Eyes,2009,126,Argentina
m201,Aliens vs. Predator: Requiem (Alien vs. Predator 2),2007,86,United States
m202,Open Season,2006,99,United States
m203,Million Dollar Baby,2004,132,United States
m204,Cold Mountain,2003,155,United States
m205,Dead Poets Society,1989,124,United States
m206,Prometheus,2012,123,United States
m207,Skyline,2010,92,United States
m208,My Fair Lady,1964,170,United States
m209,Brother Bear,2003,85,United States
m210,Speed,1994,115,United States
m211,A Beautiful Mind,2001,130,United States
m212,Sabrina,1954,113,United States
m213,The Twilight Saga: Eclipse,2010,124,United States
m214,The Impossible,2012,107,Spain
m215,Excalibur,1981,140,United Kingdom
m216,Gone in 60 Seconds,2000,117,United States
m217,The Reader,2008,123,United States
m218,Message in a Bottle,1999,123,United States
m219,The Passion of the Christ,2004,126,United States
m220,Source Code,2011,87,United States
m221,Silverado,1985,133,United States
m222,Love and Other Drugs,2010,113,United States
m223,Shrek 2,2004,93,United States
m224,"Torrente, el brazo tonto de la ley",1998,97,Spain
m225,Runaway Bride,1999,118,United States
m226,Open Range,2003,135,United States
m227,50 First Dates,2004,99,United States
m228,Mamma mia!,2008,108,United Kingdom
m229,Harry Potter and the Order of the Phoenix,2007,138,United Kingdom
m230,Spartacus,1960,196,United States
m231,The Adventures of Tintin: Secret of the Unicorn,2011,107,United States
m232,Elektra,2005,96,United States
m233,"I, Robot",2004,115,United States
m234,"Honey, I Shrunk the Kids",1989,100,United States
m235,Rio Bravo,1959,141,United States
m236,"Jesus Christ, Superstar",1973,102,United States
m237,Sleepless in Seattle,1993,101,United States
m238,The Kid,1921,51,United States
m239,American Pie,1999,98,United States
m240,Casper,1995,96,United States
m241,The Godfather: Part III,1990,163,United States
m242,Oliver!,1968,153,United Kingdom
m243,Pat Garrett and Billy The Kid,1973,122,United States
m244,Like Water for Chocolate,1992,105,Mexico
m245,The Matrix Reloaded,2003,138,United States
m246,Willow,1988,120,United States
m247,The Wall,1982,99,United Kingdom
m248,Bend of the River,1952,91,United States
m249,The Dark Knight Rises,2012,164,United States
m250,The Avengers,2012,135,United States
m251,Some Like It Hot,1959,120,United States
m252,Winchester '73,1950,92,United States
m253,I Am Sam,2001,132,United States
m254,The Fly,1986,100,United States
m255,Starship Troopers,1997,129,United States
m256,Major Dundee,1964,124,United States
m257,Changeling,2008,141,United States
m258,The Band Wagon,1953,112,United States
m259,Striptease,1996,117,United States
m260,I Am Legend,2007,100,United States
m261,Sunrise,1927,94,United States
m262,Blue valentine,2010,114,United States
m263,Blade Runner,1982,112,United States
m264,The Graduate,1967,105,United States
m265,The Curious Case of Benjamin Button,2008,167,United States
m266,Blue Is the Warmest Color,2013,180,France
m267,Alice in Wonderland,2010,108,United States
m268,A Hard Day's Night,1964,85,United Kingdom
m269,The Nightmare Before Christmas,1993,75,United States
m270,"The Chronicles of Narnia: The Lion, The Witch and the Wardrobe",2005,140,United States
m271,The Sons of Katie Elder,1965,122,United States
m272,Young Frankenstein,1974,105,United States
m273,Apocalypto,2006,136,United States
m274,One Flew Over the Cuckoo's Nest,1975,133,United States
m275,Gentlemen Prefer Blondes,1953,91,United States
m276,Sweet Home Alabama,2002,105,United States
m277,Harry Potter and the Goblet of Fire,2005,157,United Kingdom
m278,The Simpsons (TV Series),1989,22,United States
m279,National Treasure: Book of Secrets,2007,124,United States
m280,Camino,2008,143,Spain
m281,Barb Wire,1995,98,United States
m282,All About My Mother,1999,105,Spain
m283,Gunfight at the OK Corral,1957,122,United States
m284,"New York, New York",1977,163,United States
m285,Butch Cassidy and the Sundance Kid,1969,112,United States
m286,In the Name of the Father,1993,135,Ireland
m287,The Straight Story,1999,111,United States
m288,You've Got Mail,1998,119,United States
m289,Anaconda,1997,90,United States
m290,"Hello, Dolly!",1969,146,United States
m291,The Lives of Others,2006,137,Germany
m292,Les Misérables,2012,152,United Kingdom
m293,Wallace & Gromit: the Curse of Were-Rabbit,2005,85,United Kingdom
m294,Die Hard,1988,131,United States
m295,Star Wars. Episode II: Attack of the Clones,2002,136,United States
m296,Monty Python and the Holy Grail,1975,90,United Kingdom
m297,Gladiator,2000,150,United States
m298,Harry Potter and the Deathly Hallows: Part II,2011,130,United Kingdom
m299,Charlie's Angels: Full Throttle,2003,105,United States
m300,Blackthorn,2011,98,Spain
m301,Braveheart,1995,177,United States
m302,Taxi Driver,1976,113,United States
m303,Friends with Benefits,2011,109,United States
m304,Hook,1991,137,United States
m305,Lilo & Stitch,2002,90,United States
m306,2012,2009,158,United States
m307,Along Came Polly,2004,87,United States
m308,Quadrophenia,1979,115,United Kingdom
m309,The Painted Veil,2006,125,United States
m310,High School Musical (TV),2006,93,United States
m311,Magnolia,1999,188,United States
m312,The Executioner,1963,87,Spain
m313,City of God,2002,130,Brazil
m314,In the Mood for Love,2000,95,Hong Kong
m315,Atonement,2007,123,United Kingdom
m316,All About Eve,1950,138,United States
m317,Mad Max,1979,90,Australia
m318,Alatriste (Captain Alatriste),2006,140,Spain
m319,Who Framed Roger Rabbit,1988,103,United States
m320,The Ballad of Cable Hogue,1970,121,United States
m321,Shrek the Third,2007,92,United States
m322,The Man in the Iron Mask,1998,132,United States
m323,The Elephant Man,1980,125,United States
m324,The Lion King,1994,85,United States
m325,Cinema Paradiso,1988,123,Italy
m326,The Fountain,2006,96,United States
m327,Once Upon a Time in America,1984,225,United States
m328,Broken Arrow,1950,93,United States
m329,Harry Potter and the Sorcerer's Stone,2001,152,United Kingdom
m330,Cinderella Man,2005,144,United States
m331,Two Rode Together,1961,109,United States
m332,Mission: Impossible,1996,110,United States
m333,The Mummy Returns,2001,125,United States
m334,Monster House,2006,87,United States
m335,The Hunchback of Notre Dame,1996,90,United States
m336,Brigadoon,1954,108,United States
m337,The Assassination of Jesse James By The Coward Robert Ford,2007,160,United States
m338,Singin' in the Rain,1952,102,United States
m339,3:10 to Yuma,2007,117,United States
m340,Jumanji,1995,104,United States
m341,A Man Called Horse,1970,114,United States
m342,Welcome Mr. Marshall,1953,75,Spain
m343,Seraphim Falls,2006,115,United States
m344,Madagascar,2005,80,United States
m345,Sherlock Holmes,2009,128,United States
m346,Distant Drums,1951,101,United States
m347,The Curse of the Jade Scorpion,2001,103,United States
m348,Grease,1978,110,United States
m349,Spider-Man 3 (Spiderman 3),2007,140,United States
m350,Adam's Rib,1949,101,United States
m351,Forrest Gump,1994,142,United States
m352,"Dude, Where's my Car?",2000,95,United States
m353,Airplane!,1980,88,United States
m354,The Tree of Life,2011,133,United States
m355,Out of Africa,1985,160,United States
m356,"P.S., I Love You",2007,126,United States
m357,Manhattan,1979,96,United States
m358,Anastasia,1997,94,United States
m359,Romeo + Juliet,1996,120,United States
m360,True Grit,1969,122,United States
m361,Billy Elliot,2000,111,United Kingdom
m362,Lethal Weapon,1987,105,United States
m363,Cry Baby,1990,89,United States
m364,Lovers of the Arctic Circle,1998,114,Spain
m365,Under the Tuscan Sun,2003,113,United States
m366,Gremlins,1984,111,United States
m367,Transformers,2007,144,United States
m368,The Chorus,2004,95,France
m369,Black Swan,2010,109,United States
m370,"One, Two, Three",1961,108,United States
m371,Toy Story,1995,80,United States
m372,Love Me If You Dare,2003,93,France
m373,Edge of Tomorrow,2014,113,United States
m374,The Mummy,1999,125,United States
m375,Showgirls,1995,128,United States
m376,The Green Mile,1999,180,United States
m377,The Adventures of Robin Hood,1938,106,United States
m378,Gone With the Wind,1939,238,United States
m379,The Mask,1994,101,United States
m380,Indiana Jones and the Temple of Doom,1984,118,United States
m381,Nine,2009,112,United States
m382,House of the Dead,2003,90,Germany
m383,Mrs. Doubtfire,1993,125,United States
m384,The Cotton Club,1984,128,United States
m385,Little Shop of Horrors,1986,94,United States
m386,Bin-jip (3-Iron) (Empty House),2004,95,South Korea
m387,High School Musical 3: Senior Year,2008,112,United States
m388,Dersu Uzala,1975,141,Soviet Union (USSR)
m389,Finding Nemo,2003,101,United States
m390,Tommy,1975,111,United Kingdom
m391,"Dr. Strangelove, or How I Learned to Stop Worrying and Love the Bomb",1964,93,United Kingdom
m392,Analyze This,1999,106,United States
m393,Little Miss Sunshine,2006,101,United States
m394,The Rock,1996,125,United States
m395,Ulzana's Raid,1972,103,United States
m396,"Aquí llega Condemor, el pecador de la pradera",1996,90,Spain
m397,The Fast and the Furious,2001,109,United States
m398,The Professionals,1966,117,United States
m399,The Cable Guy,1996,96,United States
m400,Welcome to the Sticks,2008,106,France
m401,Meet the Parents,2000,108,United States
m402,Twelve Monkeys,1995,130,United States
m403,Liar Liar,1997,87,United States
m404,Annie Hall,1977,94,United States
m405,"Crouching Tiger, Hidden Dragon",2000,119,Taiwan
m406,Signs,2002,106,United States
m407,Hang 'Em High,1968,114,United States
m408,Van Helsing,2004,128,United States
m409,Amadeus,1984,158,United States
m410,Shrek,2001,87,United States
m411,Avatar,2009,161,United States
m412,Top Secret!,1984,90,United States
m413,Sin City (Frank Miller's Sin City),2005,124,United States
m414,Ratatouille,2007,110,United States
m415,The Wedding Planner,2001,100,United States
m416,Robin Hood: Prince of Thieves,1991,138,United States
m417,Burlesque,2010,119,United States
m418,There's Something About Mary,1998,119,United States
m419,Splendor in the Grass,1961,124,United States
m420,Last Train from Gun Hill,1959,98,United States
m421,Date Movie,2006,85,United States
m422,The Age of Innocence,1993,133,United States
m423,Good Will Hunting,1997,126,United States
m424,Hugo,2011,127,United States
m425,One Fine Day,1996,109,United States
m426,Star Wars: Episode III Revenge of the Sith,2005,135,United States
m427,The Truman Show,1998,103,United States
m428,American Beauty,1999,122,United States
m429,Rock of Ages,2012,123,United States
m430,Skyfall,2012,143,United Kingdom
m431,The Help,2011,137,United States
m432,To Kill a Mockingbird,1962,129,United States
m433,A Night at the Opera,1935,94,United States
m434,Pretty Woman,1990,119,United States
m435,My Best Friend's Wedding,1997,105,United States
m436,Pirates of the Caribbean: The Curse of the Black Pearl,2003,143,United States
m437,Epic Movie,2007,86,United States
m438,The Bourne Supremacy,2004,108,United States
m439,The Departed,2006,149,United States
m440,The Hunger Games,2012,143,United States
m441,The Untouchables,1987,119,United States
m442,You Don't Mess With the Zohan,2008,116,United States
m443,Ghost in the Shell,1995,83,Japan
m444,Corpse Bride,2005,75,United States
m445,Kill Bill: Volume 1,2003,110,United States
m446,Pitch Perfect,2012,108,United States
m447,Philadelphia,1993,119,United States
m448,Robocop,1987,103,United States
m449,The Hours,2002,114,United States
m450,Scaramouche,1952,118,United States
m451,Mars Attacks!,1996,106,United States
m452,Stalker,1979,161,Soviet Union (USSR)
m453,Casino Royale,2006,144,United Kingdom
m454,While You Were Sleeping,1995,100,United States
m455,Sunset Boulevard,1950,110,United States
m456,Fight Club,1999,139,United States
m457,The Great Escape,1963,168,United States
m458,10 Things I Hate about You,1999,97,United States
m459,Deconstructing Harry,1997,96,United States
m460,Gran Torino,2008,119,United States
m461,The Fiddler on the Roof,1971,181,United States
m462,Prince of Persia: The Sands of Time,2010,116,United States
m463,When Harry Met Sally,1989,96,United States
m464,Independence Day,1996,145,United States
m465,Before Midnight,2013,104,United States
m466,The Blair Witch Project,1999,81,United States
m467,Vicky Cristina Barcelona,2008,96,United States
m468,The Gunfighter,1950,84,United States
m469,The Expendables,2010,100,United States
m470,The Fault in Our Stars,2014,125,United States
m471,Notting Hill,1999,124,United Kingdom
m472,Dancer in the Dark,2000,140,Denmark
m473,Brief Encounter,1945,85,United Kingdom
m474,High Noon,1952,80,United States
m475,Bruce Almighty,2003,101,United States
m476,Taken,2008,93,France
m477,My Darling Clementine,1946,97,United States
m478,Remember Me,2010,113,United States
m479,Ace Ventura: When Nature Calls,1995,91,United States
m480,The Remains of the Day,1993,134,United Kingdom
m481,The Bourne Ultimatum,2007,111,United States
m482,What Happens In Vegas,2008,99,United States
m483,The Three Musketeers,1948,128,United States
m484,Before Sunset,2004,77,United States
m485,Troy,2004,163,United States
m486,Training Day,2001,122,United States
m487,Fantasia,1940,120,United States
m488,Midnight in Paris,2011,96,United States
m489,The Philadelphia Story,1940,112,United States
m490,"Amanece, que no es poco",1989,106,Spain
m491,Snatch,2000,104,United Kingdom
m492,An Education,2009,95,United Kingdom
m493,Outlaw Josey Wales,1976,135,United States
m494,Dirty Harry,1971,102,United States
m495,Shark Tale,2004,88,United States
m496,13 Going On 30,2004,97,United States
m497,Cheyenne Autumn,1964,160,United States
m498,Dogville,2003,177,Denmark
m499,The NeverEnding Story,1984,94,Germany - West Germany
m500,Escape From Fort Bravo,1953,98,United States
m501,Terminator 2: Judgment Day,1991,135,United States
m502,The Thirteenth Floor,1999,100,United States
m503,Austin Powers: International Man of Mystery,1997,91,United States
m504,El gran marciano,2001,111,Spain
m505,Rain Man,1988,129,United States
m506,The Princess Bride,1987,98,United States
m507,Duck Soup,1933,70,United States
m508,Fried Green Tomatoes,1991,129,United States
m509,Hatari!,1962,159,United States
m510,Lost in Translation,2003,105,United States
m511,Red River,1948,133,United States
m512,Fame,1980,130,United States
m513,The Searchers,1956,119,United States
m514,Meet the Spartans,2008,84,United States
m515,Tootsie,1982,119,United States
m516,Ghost Rider,2007,105,United States
m517,City of Angels,1998,114,United States
m518,Alien Resurrection,1997,108,United States
m519,Life Is Beautiful,1997,117,Italy
m520,Master and Commander: The Far Side of the World,2003,137,United States
m521,War of the Worlds,2005,116,United States
m522,The Piano,1993,121,New Zealand
m523,Arsenic and Old Lace,1944,118,United States
m524,Bicycle Thieves,1948,93,Italy
m525,Madagascar: Escape 2 Africa (Madagascar 2),2008,89,United States
m526,Star Wars. Episode V: The Empire Strikes Back,1980,124,United States
m527,Hairspray,2007,107,United States
m528,Snakes on a Plane,2006,105,United States
m529,The Jungle Book,1967,78,United States
m530,The Incredible Shrinking Man,1957,81,United States
m531,Down With Love,2003,101,United States
m532,Chicken Park,1994,95,Italy
m533,Mr. and Mrs. Smith,2005,120,United States
m534,Monty Python's Life of Brian,1979,93,United Kingdom
m535,Like Crazy,2011,89,United States
m536,Toy Story 3,2010,103,United States
m537,Legends of the Fall,1994,134,United States
m538,He's Just Not That Into You,2009,129,United States
m539,The Wizard of Oz,1939,98,United States
m540,Citizen Kane,1941,119,United States
m541,The Road Home,1999,89,China
m542,Pirates of the Caribbean: Dead Man's Chest,2006,151,United States
m543,Juno,2007,92,United States
m544,Oblivion,2013,126,United States
m545,Mad Max: Fury Road,2015,120,Australia
m546,Life of Pi,2012,127,United States
m547,American Pie 2,2001,104,United States
m548,E.T.: The Extra-Terrestrial,1982,115,United States
m549,Coraline,2009,97,United States
m550,Léon: The Professional,1994,106,France
m551,How to Lose a Guy in 10 Days,2003,115,United States
m552,The Village,2004,108,United States
m553,Blade,1998,120,United States
m554,Enemy of the State,1998,132,United States
m555,Meet Me in St. Louis,1944,112,United States
m556,"Definitely, Maybe",2008,105,United Kingdom
m557,Ray,2004,152,United States
m558,Finding Neverland,2004,101,United States
m559,The Treasure of the Sierra Madre,1948,126,United States
m560,Take the Money and Run,1969,85,United States
m561,The Crimson Pirate,1952,104,United Kingdom
m562,The Emperor's New Groove,2000,78,United States
m563,Dumbo,1941,64,United States
m564,Donnie Darko,2001,113,United States
m565,Pearl Harbor,2001,170,United States
m566,Roman Holiday,1953,118,United States
m567,My Neighbor Totoro,1988,86,Japan
m568,Ice Age 2: The Meltdown,2006,90,United States
m569,The Hulk,2003,137,United States
m570,Kung Fu Panda,2008,95,United States
m571,The King and I (Rodgers and Hammerstein's The King and I),1956,133,United States
m572,Dreamgirls,2006,131,United States
m573,Dragonball Evolution (Dragon Ball: The Movie),2009,90,United States
m574,Andrew Lloyd Webber's The Phantom of the Opera,2004,143,United States
m575,Ed Wood,1994,124,United States
m576,Despicable Me 2,2013,98,United States
m577,Schindler's List,1993,195,United States
m578,Something's Gotta Give,2003,129,United States
m579,Johnny Guitar,1954,110,United States
m580,Son of the Mask,2005,86,United States
m581,Minority Report,2002,144,United States
m582,The Man from Laramie,1955,101,United States
m583,V For Vendetta,2006,132,United States
m584,Brokeback Mountain,2005,134,United States
m585,Meet Joe Black,1998,173,United States
m586,Maverick,1994,129,United States
m587,The Bourne Identity,2002,113,United States
m588,Flashdance,1983,96,United States
m589,Night Watch,2004,114,Russia
m590,If Only,2004,92,United States
m591,Planet of the Apes,1968,112,United States
m592,Happy Feet,2006,108,Australia
m593,The Holiday,2006,138,United States
m594,Cars 2,2011,113,United States
m595,Hedwig and the Angry Inch,2001,94,United States
m596,Bird,1988,161,United States
m597,Pocoyo and Friends (TV Series),2005,7,Spain
m598,Fort Apache,1948,127,United States
m599,Charlie and the Chocolate Factory,2005,116,United States
m600,Sweeney Todd: The Demon Barber of Fleet Street,2007,117,United States
m601,Aliens,1986,150,United States
m602,It's a Wonderful Life,1946,130,United States
m603,Ali G Indahouse,2002,88,United Kingdom
m604,Conan the Barbarian,1982,129,United States
m605,To Be or Not to Be,1942,99,United States
m606,Super 8,2011,107,United States
m607,Ghost Ship,2002,91,United States
m608,The Illusionist,2006,110,United States
m609,The Horse Soldiers,1959,119,United States
m610,West Side Story,1961,151,United States
m611,Stargate,1994,121,United States
m612,Dumb and Dumber (Dumb & Dumber),1994,106,United States
m613,The Polar Express,2004,97,United States
m614,Paint Your Wagon,1969,166,United States
m615,Bad Boys,1995,118,United States
m616,Disaster Movie,2008,90,United States
m617,Great Expectations,1998,111,United States
m618,The Wave,2008,110,Germany
m619,12 Angry Men,1957,95,United States
m620,Match Point,2005,120,United Kingdom
m621,Hombre,1967,111,United States
m622,Never Been Kissed,1999,110,United States
m623,Soylent Green,1973,97,United States
m624,The Hunt for Red October,1990,132,United States
m625,Jane Eyre,2011,121,United Kingdom
m626,The 2 Sides of the Bed,2005,105,Spain
m627,Robin Hood,2010,131,United States
m628,Interstellar,2014,169,United States
m629,Top Hat,1935,99,United States
m630,Freddy Vs. Jason,2003,95,United States
m631,Crash,2004,115,United States
m632,Alien,1979,116,United States
m633,The Naked Gun,1988,85,United States
m634,Dead Man,1995,120,United States
m635,The Lost World: Jurassic Park,1997,129,United States
m636,Star Wars IV: A New Hope,1977,121,United States
m637,Wyatt Earp,1994,191,United States
m638,Six Days Seven Nights,1998,102,United States
m639,Fahrenheit 451,1966,108,United Kingdom
m640,Armageddon,1998,150,United States
m641,Breakfast at Tiffany's,1961,115,United States
m642,FBI: Frikis Buscan Incordiar,2004,85,Spain
m643,Death at a Funeral,2007,88,United Kingdom
m644,Mortadelo & Filemon: The Big Adventure,2003,105,Spain
m645,Jeremiah Johnson,1972,107,United States
m646,The Commitments,1991,114,United Kingdom
m647,National Treasure,2004,121,United States
m648,Toy Story 2,1999,88,United States
m649,Once,2006,85,Ireland
m650,Modern Times,1936,89,United States
m651,Indiana Jones: Raiders of the Lost Ark,1981,115,United States
m652,Bridget Jones's Diary,2001,100,United Kingdom
m653,The Boy in the Striped Pajamas,2008,94,United Kingdom
m654,Cyrano de Bergerac,1990,137,France
m655,Nanny McPhee,2006,97,United Kingdom
m656,The Godfather: Part II,1974,200,United States
m657,Batman,1989,121,United States
m658,Beowulf,1999,100,United States
m659,The Other Side of the Bed,2002,100,Spain
m660,A Very Long Engagement,2004,134,France
m661,The Notebook,2004,124,United States
m662,The League of Extraordinary Gentlemen,2003,110,United States
m663,The Party,1968,99,United States
m664,Austin Powers; The Spy Who Shagged Me,1999,91,United States
m665,Cube,1997,92,Canada
m666,Intolerable Cruelty,2003,100,United States
m667,Dune,1984,145,United States
m668,El Dorado,1966,126,United States
m669,Love and Death,1975,82,United States
m670,Hotel Transylvania,2012,91,United States
m671,WALL•E,2008,103,United States
m672,Chasing Amy,1997,113,United States
m673,A Clockwork Orange,1971,137,United Kingdom
m674,Monty Python's The Meaning of Life,1983,103,United Kingdom
m675,Inglourious Basterds,2009,146,United States
m676,Requiem for a Dream,2000,102,United States
m677,"Crazy, Stupid, Love",2011,118,United States
m678,Live Free or Die Hard (Die Hard 4),2007,130,United States
m679,Daredevil,2003,102,United States
m680,Made of Honor,2008,101,United States
m681,Street Fighter,1994,102,United States
m682,The Lord of the Rings: The Fellowship of the Ring,2001,180,United States
m683,City Lights,1931,81,United States
m684,The Long Riders,1980,100,United States
m685,Funny Face,1957,103,United States
m686,The Odd Couple,1968,105,United States
m687,A Bug's Life,1998,95,United States
m688,The Transporter,2002,94,France
m689,Hotel Rwanda,2004,110,United Kingdom
m690,District 9,2009,111,South Africa
m691,How the West Was Won,1962,155,United States
m692,Spirited Away,2001,124,Japan
m693,The Sound of Music,1965,172,United States
m694,Victor Victoria,1982,132,United States
m695,They Died with their Boots On,1941,138,United States
m696,Repo! The Genetic Opera,2008,98,United States
m697,X-Men,2000,97,United States
m698,Bram Stoker's Dracula,1992,130,United States
m699,Kick-Ass,2010,117,United Kingdom
m700,Crank,2006,87,United States
m701,Love,2012,127,Austria
m702,Love's a Bitch,2000,150,Mexico
m703,Druids,2001,119,France
m704,Kate & Leopold,2001,121,United States
m705,Footloose,1984,107,United States
m706,Hot Shots!,1991,85,United States
m707,Soccer Days,2003,118,Spain
m708,The Prince of Tides,1991,129,United States
m709,Back to the Future. Part II,1989,105,United States
m710,Hitch,2005,115,United States
m711,Die Hard II (Die Hard 2: Die Harder),1990,124,United States
m712,Up,2009,96,United States
m713,The Shop around the Corner,1940,94,United States
m714,The Purple Rose of Cairo,1985,85,United States
m715,Stop! Or my Mom will Shoot,1992,87,United States
m716,Solaris,1972,165,Soviet Union (USSR)
m717,Romancing the Stone,1984,105,United States
m718,This Is It,2009,111,United States
m719,The Rocky Horror Picture Show,1975,100,United Kingdom
m720,Home Alone,1990,100,United States
m721,Tombstone,1993,130,United States
m722,About Time,2013,123,United Kingdom
m723,Chicago,2002,113,United States
m724,Phantom of the Paradise,1974,92,United States
m725,Godzilla,1998,130,United States
m726,A Fistful of Dynamite,1971,158,Italy
m727,Sleeping Beauty,1959,75,United States
m728,Scary Movie 4,2006,73,United States
m729,Raging Bull,1980,124,United States
m730,The Mission,1986,125,United Kingdom
m731,Rise of the Planet of the Apes,2011,110,United States
m732,Borat: Cultural Learnings of America for Make Benefit Glorious Nation of Kazakhstan,2006,84,United States
m733,The Apartment,1960,125,United States
m734,They Call Me Trinity,1970,109,Italy
m735,El asombroso mundo de Borjamari y Pocholo,2004,90,Spain
m736,Harry Potter and the Deathly Hallows: Part I,2010,146,United Kingdom
m737,Ben-Hur,1959,211,United States
m738,Aladdin,1992,87,United States
m739,Dr. Dolittle,1998,85,United States
m740,The Man Who Would Be King,1975,129,United States
m741,The Island,2005,127,United States
m742,Cinderella,1950,74,United States
m743,The Last Boy Scout,1991,101,United States
m744,The Godfather,1972,175,United States
m745,The Spirit,2008,103,United States
m746,Memoirs of a Geisha,2005,145,United States
m747,The Gold Rush,1925,95,United States
m748,Women on the Verge of a Nervous Breakdown,1988,89,Spain
m749,Titanic,1997,195,United States
m750,Gigi,1958,116,United States
m751,Contact,1997,150,United States
m752,Rancho Notorious,1952,89,United States
m753,"Tad, the Lost Explorer",2012,90,Spain
m754,Saving Private Ryan,1998,170,United States
m755,The Flame and the Arrow,1950,88,United States
m756,The Big Country,1958,159,United States
m757,Hair,1979,121,United States
m758,Invasion of the Body Snatchers,1956,80,United States
m759,Edward Scissorhands,1990,98,United States
m760,Alone in the Dark,2005,96,Canada
m761,The Far Country,1954,97,United States
m762,The Wolf of Wall Street,2013,179,United States
m763,From Dusk Till Dawn,1995,110,United States
m764,Midnight Express,1978,121,United States
m765,Harry Potter and the Prisoner of Azkaban,2004,137,United Kingdom
m766,Begin Again,2013,104,United States
m767,Captains Courageous,1937,116,United States
m768,Babel,2006,142,United States
m769,Cars,2006,116,United States
m770,Planet 51,2009,91,Spain
m771,Pitch black,2000,111,United States
m772,Manhattan Murder Mystery,1993,104,United States
m773,Ride the High Country,1962,94,United States
m774,The Red Shoes,1948,133,United Kingdom
m775,Airbag,1997,125,Spain
m776,27 Dresses,2008,107,United States
m777,A Star Is Born,1954,175,United States
m778,Torrente 2: Mission in Marbella,2001,94,Spain
m779,Just Like Heaven,2005,101,United States
m780,Super Mario Bros.,1993,118,United States
m781,The Full Monty,1997,83,United Kingdom
m782,A Walk in the Clouds,1995,102,United States
m783,The Quiet Man,1952,129,United States
m784,Dreamcatcher,2003,136,United States
m785,Shaun of the Dead,2004,99,United Kingdom
m786,Peter Pan,1953,77,United States
m787,Barefoot in the Park,1967,105,United States
m788,21 Grams,2003,125,United States
m789,Clerks,1994,99,United States
m790,The Avengers,1998,89,United States
m791,Love Story,1970,99,United States
m792,The Dark Knight,2008,152,United States
m793,Hot Fuzz,2007,121,United Kingdom
m794,Australia,2008,165,Australia
m795,Zoolander,2001,105,United States
m796,Flushed Away,2006,84,United Kingdom
m797,A Fish Called Wanda,1988,108,United Kingdom
m798,Love in the Afternoon,1957,130,United States
m799,Pinocchio,1940,87,United States
m800,The Holy Innocents,1984,103,Spain
m801,Man On Fire,2004,146,United States
m802,Gravity,2013,90,United States
m803,Indiana Jones and the Last Crusade,1989,127,United States
m804,"Ace Ventura, Pet Detective",1994,85,United States
m805,Highlander,1986,110,United Kingdom
m806,Lady and the Tramp,1955,75,United States
m807,"Me, Myself & Irene",2000,117,United States
m808,Her,2013,126,United States
m809,The Man from Earth,2007,87,United States
m810,Con Air,1997,115,United States
m811,Princess Mononoke,1997,133,Japan
m812,Mulan,1998,88,United States
m813,Shakespeare in Love,1998,123,United States
m814,The Umbrellas of Cherbourg,1964,88,France
m815,Velvet Goldmine,1998,123,United States
m816,Ninotchka,1939,110,United States
m817,The Aristocats,1970,90,United States
m818,Ghost,1990,105,United States
m819,Spider-Man 2,2004,127,United States
m820,Serendipity,2001,87,United States
m821,Gattaca,1997,106,United States
m822,Superbad,2007,114,United States
m823,Charlie's Angels,2000,98,United States
m824,Letter from an Unknown Woman,1948,86,United States
m825,Pocahontas,1995,78,United States
m826,The Fortune Cookie,1966,125,United States
m827,An American in Paris,1951,115,United States
m828,One-Eyed Jacks,1961,141,United States
m829,Saturday Night Fever,1977,119,United States
m830,Two Mules for Sister Sara,1970,105,United States
m831,The African Queen,1951,106,United States
m832,The Man Who Shot Liberty Valance,1962,119,United States
m833,Bolt,2008,96,United States
m834,(500) Days of Summer,2009,96,United States
m835,High Plains Drifter,1972,105,United States
m836,Tangled,2010,104,United States
m837,The Hobbit: The Desolation of Smaug,2013,160,United States
m838,Scoop,2006,91,United Kingdom
m839,First Blood,1982,97,United States
m840,American Wedding,2003,102,United States
m841,Annie,1982,123,United States
m842,Frozen,2013,98,United States
m843,The Day of the Beast,1995,103,Spain
m844,The Quick and the Dead,1995,105,United States
m845,Irma la Douce,1963,142,United States
m846,Elite Squad,2007,114,Brazil
m847,Star Trek Into Darkness,2013,132,United States
m848,Appaloosa,2008,107,United States
m849,Django Unchained,2012,165,United States
m850,Yellow Sky,1948,98,United States
m851,The Twilight Saga: New Moon,2009,130,United States
m852,The Patriot,2000,158,United States
m853,The Matrix,1999,131,United States
m854,Walk the Line,2005,136,United States
m855,On the Town,1949,98,United States
m856,"20,000 Leagues Under the Sea",1954,127,United States
m857,The Iron Giant,1999,86,United States
m858,The Sea Inside,2004,125,Spain
m859,Labyrinth,1986,101,United Kingdom
m860,Man Without a Star,1955,89,United States
m861,Close Encounters of the Third Kind,1977,132,United States
m862,Batman Begins,2005,140,United States
m863,The Lord of the Rings: The Two Towers,2002,179,United States
m864,Night at the Museum,2006,108,United States
m865,Sweet November,2001,118,United States
m866,Burn After Reading,2008,96,United States
m867,My Blueberry Nights,2007,90,Hong Kong
m868,Django,1966,85,Italy
m869,An Officer and a Gentleman,1982,125,United States
m870,Horton Hears a Who!,2008,88,United States
m871,Seven Brides for Seven Brothers,1954,103,United States
m872,Harry Potter and the Chamber of Secrets,2002,154,United Kingdom
m873,Dear John,2010,105,United States
m874,Lawrence of Arabia,1962,222,United Kingdom
m875,Little Big Man,1970,150,United States
m876,For a Few Dollars More,1965,130,Italy
m877,Face/Off,1997,139,United States
m878,An Affair to Remember,1957,119,United States
m879,Moon,2009,97,United Kingdom
m880,My Life Without Me,2003,106,Spain
m881,Trainspotting,1996,90,United Kingdom
m882,Rent,2005,135,United States
m883,King Kong,2005,187,United States
m884,Home Alone 3,1997,102,United States
m885,Serenity,2005,119,United States
m886,Into the Wild,2007,140,United States
m887,R.O.T.O.R.,1989,90,United States
m888,Beauty and the Beast,1991,85,United States
m889,Evita,1996,136,United States
m890,Kill Bill: Volume 2,2004,137,United States
m891,"Sex, Party and Lies",2009,107,Spain
m892,Men in Black (MIB),1997,98,United States
m893,El milagro de P. Tinto,1998,104,Spain
m894,Everyone Says I Love You,1996,101,United States
m895,Die Hard with a Vengeance,1995,130,United States
m896,Inception,2010,148,United States
m897,Jerry Maguire,1996,133,United States
m898,Big Fish,2003,126,United States
m899,Much Ado About Nothing,1993,110,United Kingdom
m900,Children of Men,2006,105,United Kingdom
m901,Doctor Zhivago,1965,197,United States
m902,Robots,2005,91,United States
m903,Wreck-It Ralph,2012,101,United States
m904,Eternal Sunshine of the Spotless Mind,2004,108,United States
m905,The Bridges of Madison County,1995,135,United States
m906,Zombieland,2009,84,United States
m907,True Grit,2010,110,United States
m908,The Hangover,2009,100,United States
m909,Battlefield Earth,2000,115,United States
m910,Predator,1987,107,United States
m911,Ice Age: Dawn of the Dinosaurs (Ice Age 3),2009,85,United States
m912,The Last Samurai,2003,144,United States
m913,Pirates of the Caribbean: At World's End (Pirates of the Caribbean 3),2007,168,United States
m914,Anchors Aweigh,1945,139,United States
m915,True Lies,1994,141,United States
m916,Snow White and the Seven Dwarfs,1937,83,United States
m917,Total Recall,1990,109,United States
m918,How to Train Your Dragon,2010,98,United States
m919,Hachi: A Dog's Tale,2009,93,United States
m920,Meet the Fockers,2004,115,United States
